timestamp,temperature
2024-01-01 00:05:00,63.526
2024-01-01 00:25:00,66.808
2024-01-01 00:45:00,66.625
2024-01-01 01:05:00,71.626
2024-01-01 01:25:00,73.927
2024-01-01 01:45:00,65.187
2024-01-01 02:05:00,79.497
2024-01-01 02:25:00,68.511
2024-01-01 02:45:00,65.703
2024-01-01 03:05:00,74.683
2024-01-01 03:25:00,68.89
2024-01-01 03:45:00,66.567
2024-01-01 04:05:00,65.82
2024-01-01 04:25:00,77.722
2024-01-01 04:45:00,63.79
2024-01-01 05:05:00,73.33
2024-01-01 05:25:00,64.612
2024-01-01 05:45:00,65.463
2024-01-01 06:05:00,67.898
2024-01-01 06:25:00,70.362
2024-01-01 06:45:00,60.867
2024-01-01 07:05:00,65.819
2024-01-01 07:25:00,72.901
2024-01-01 07:45:00,72.882
2024-01-01 08:05:00,66.715
2024-01-01 08:25:00,62.734
2024-01-01 08:45:00,68.994
2024-01-01 09:05:00,71.776
2024-01-01 09:25:00,68.843
2024-01-01 09:45:00,74.351
2024-01-01 10:05:00,66.813
2024-01-01 10:25:00,62.097
2024-01-01 10:45:00,65.353
2024-01-01 11:05:00,68.037
2024-01-01 11:25:00,64.865
2024-01-01 11:45:00,65.694
2024-01-01 12:05:00,72.361
2024-01-01 12:25:00,64.378
2024-01-01 12:45:00,62.036
2024-01-01 13:05:00,71.68
2024-01-01 13:25:00,70.941
2024-01-01 13:45:00,63.37
2024-01-01 14:05:00,71.222
2024-01-01 14:25:00,62.951
2024-01-01 14:45:00,64.784
2024-01-01 15:05:00,63.071
2024-01-01 15:25:00,65.979
2024-01-01 15:45:00,70.581
2024-01-01 16:05:00,69.258
2024-01-01 16:25:00,64.383
2024-01-01 16:45:00,68.898
2024-01-01 17:05:00,69.766
2024-01-01 17:25:00,72.347
2024-01-01 17:45:00,69.665
2024-01-01 18:05:00,71.369
2024-01-01 18:25:00,68.342
2024-01-01 18:45:00,64.384
2024-01-01 19:05:00,68.78
2024-01-01 19:25:00,73.523
2024-01-01 19:45:00,73.759
2024-01-01 20:05:00,56.438
2024-01-01 20:25:00,70.886
2024-01-01 20:45:00,65.832
2024-01-01 21:05:00,69.86
2024-01-01 21:25:00,61.912
2024-01-01 21:45:00,66.123
2024-01-01 22:05:00,60.841
2024-01-01 22:25:00,66.114
2024-01-01 22:45:00,70.796
2024-01-01 23:05:00,70.065
2024-01-01 23:25:00,77.72
2024-01-01 23:45:00,65.747
2024-01-02 00:05:00,64.363
2024-01-02 00:25:00,74.553
2024-01-02 00:45:00,60.594
2024-01-02 01:05:00,69.187
2024-01-02 01:25:00,70.582
2024-01-02 01:45:00,57.924
2024-01-02 02:05:00,63.414
2024-01-02 02:25:00,62.178
2024-01-02 02:45:00,72.072
2024-01-02 03:05:00,65.432
2024-01-02 03:25:00,67.153
2024-01-02 03:45:00,61.064
2024-01-02 04:05:00,64.682
2024-01-02 04:25:00,64.772
2024-01-02 04:45:00,67.346
2024-01-02 05:05:00,66.952
2024-01-02 05:25:00,74.946
2024-01-02 05:45:00,71.443
2024-01-02 06:05:00,60.338
2024-01-02 06:25:00,72.911
2024-01-02 06:45:00,72.294
2024-01-02 07:05:00,68.641
2024-01-02 07:25:00,72.771
2024-01-02 07:45:00,73.748
2024-01-02 08:05:00,65.901
2024-01-02 08:25:00,62.599
2024-01-02 08:45:00,70.631
2024-01-02 09:05:00,64.42
2024-01-02 09:25:00,69.28
2024-01-02 09:45:00,63.421
2024-01-02 10:05:00,72.476
2024-01-02 10:25:00,64.676
2024-01-02 10:45:00,67.145
2024-01-02 11:05:00,66.857
2024-01-02 11:25:00,61.723
2024-01-02 11:45:00,72.955
2024-01-02 12:05:00,73.881
2024-01-02 12:25:00,67.453
2024-01-02 12:45:00,64.682
2024-01-02 13:05:00,67.048
2024-01-02 13:25:00,65.824
2024-01-02 13:45:00,68.0
2024-01-02 14:05:00,66.701
2024-01-02 14:25:00,64.022
2024-01-02 14:45:00,73.196
2024-01-02 15:05:00,67.143
2024-01-02 15:25:00,76.799
2024-01-02 15:45:00,68.577
2024-01-02 16:05:00,66.287
2024-01-02 16:25:00,66.84
2024-01-02 16:45:00,66.458
2024-01-02 17:05:00,67.634
2024-01-02 17:25:00,69.12
2024-01-02 17:45:00,63.064
2024-01-02 18:05:00,63.518
2024-01-02 18:25:00,71.626
2024-01-02 18:45:00,70.423
2024-01-02 19:05:00,61.029
2024-01-02 19:25:00,70.469
2024-01-02 19:45:00,71.9
2024-01-02 20:05:00,69.256
2024-01-02 20:25:00,60.677
2024-01-02 20:45:00,62.104
2024-01-02 21:05:00,67.911
2024-01-02 21:25:00,76.594
2024-01-02 21:45:00,65.701
2024-01-02 22:05:00,70.85
2024-01-02 22:25:00,65.228
2024-01-02 22:45:00,75.777
2024-01-02 23:05:00,68.314
2024-01-02 23:25:00,62.672
2024-01-02 23:45:00,64.46
2024-01-03 00:05:00,64.347
2024-01-03 00:25:00,68.905
2024-01-03 00:45:00,65.249
2024-01-03 01:05:00,66.155
2024-01-03 01:25:00,77.142
2024-01-03 01:45:00,65.746
2024-01-03 02:05:00,69.18
2024-01-03 02:25:00,67.158
2024-01-03 02:45:00,68.166
2024-01-03 03:05:00,71.389
2024-01-03 03:25:00,58.497
2024-01-03 03:45:00,69.067
2024-01-03 04:05:00,66.698
2024-01-03 04:25:00,69.182
2024-01-03 04:45:00,67.478
2024-01-03 05:05:00,67.519
2024-01-03 05:25:00,69.725
2024-01-03 05:45:00,65.92
2024-01-03 06:05:00,77.249
2024-01-03 06:25:00,64.068
2024-01-03 06:45:00,74.875
2024-01-03 07:05:00,62.814
2024-01-03 07:25:00,67.214
2024-01-03 07:45:00,69.8
2024-01-03 08:05:00,63.954
2024-01-03 08:25:00,63.645
2024-01-03 08:45:00,66.89
2024-01-03 09:05:00,72.186
2024-01-03 09:25:00,68.524
2024-01-03 09:45:00,76.683
2024-01-03 10:05:00,70.698
2024-01-03 10:25:00,66.1
2024-01-03 10:45:00,56.036
2024-01-03 11:05:00,61.181
2024-01-03 11:25:00,66.967
2024-01-03 11:45:00,61.12
2024-01-03 12:05:00,67.296
2024-01-03 12:25:00,69.169
2024-01-03 12:45:00,66.848
2024-01-03 13:05:00,66.945
2024-01-03 13:25:00,76.976
2024-01-03 13:45:00,68.463
2024-01-03 14:05:00,67.548
2024-01-03 14:25:00,63.695
2024-01-03 14:45:00,68.155
2024-01-03 15:05:00,66.018
2024-01-03 15:25:00,76.28
2024-01-03 15:45:00,70.735
2024-01-03 16:05:00,74.565
2024-01-03 16:25:00,69.113
2024-01-03 16:45:00,73.782
2024-01-03 17:05:00,63.673
2024-01-03 17:25:00,69.301
2024-01-03 17:45:00,64.267
2024-01-03 18:05:00,66.201
2024-01-03 18:25:00,68.367
2024-01-03 18:45:00,63.874
2024-01-03 19:05:00,61.602
2024-01-03 19:25:00,72.609
2024-01-03 19:45:00,60.621
2024-01-03 20:05:00,75.79
2024-01-03 20:25:00,64.515
2024-01-03 20:45:00,70.736
2024-01-03 21:05:00,71.0
2024-01-03 21:25:00,63.213
2024-01-03 21:45:00,70.259
2024-01-03 22:05:00,68.962
2024-01-03 22:25:00,71.031
2024-01-03 22:45:00,73.635
2024-01-03 23:05:00,71.854
2024-01-03 23:25:00,64.286
2024-01-03 23:45:00,67.582
2024-01-04 00:05:00,64.737
2024-01-04 00:25:00,65.855
2024-01-04 00:45:00,70.643
2024-01-04 01:05:00,71.171
2024-01-04 01:25:00,71.068
2024-01-04 01:45:00,69.745
2024-01-04 02:05:00,70.434
2024-01-04 02:25:00,66.405
2024-01-04 02:45:00,74.533
2024-01-04 03:05:00,71.46
2024-01-04 03:25:00,68.36
2024-01-04 03:45:00,73.523
2024-01-04 04:05:00,66.138
2024-01-04 04:25:00,68.995
2024-01-04 04:45:00,72.485
2024-01-04 05:05:00,62.977
2024-01-04 05:25:00,78.462
2024-01-04 05:45:00,65.811
2024-01-04 06:05:00,66.425
2024-01-04 06:25:00,68.553
2024-01-04 06:45:00,71.793
2024-01-04 07:05:00,72.224
2024-01-04 07:25:00,75.211
2024-01-04 07:45:00,68.179
2024-01-04 08:05:00,69.702
2024-01-04 08:25:00,61.296
2024-01-04 08:45:00,63.4
2024-01-04 09:05:00,67.809
2024-01-04 09:25:00,69.831
2024-01-04 09:45:00,68.014
2024-01-04 10:05:00,70.581
2024-01-04 10:25:00,67.968
2024-01-04 10:45:00,67.171
2024-01-04 11:05:00,79.026
2024-01-04 11:25:00,67.041
2024-01-04 11:45:00,72.783
2024-01-04 12:05:00,62.352
2024-01-04 12:25:00,68.783
2024-01-04 12:45:00,65.194
2024-01-04 13:05:00,77.14
2024-01-04 13:25:00,65.722
2024-01-04 13:45:00,68.093
2024-01-04 14:05:00,64.527
2024-01-04 14:25:00,64.257
2024-01-04 14:45:00,67.892
2024-01-04 15:05:00,69.867
2024-01-04 15:25:00,72.996
2024-01-04 15:45:00,65.632
2024-01-04 16:05:00,65.557
2024-01-04 16:25:00,74.022
2024-01-04 16:45:00,75.413
2024-01-04 17:05:00,67.862
2024-01-04 17:25:00,70.338
2024-01-04 17:45:00,75.756
2024-01-04 18:05:00,80.163
2024-01-04 18:25:00,70.13
2024-01-04 18:45:00,71.635
2024-01-04 19:05:00,68.844
2024-01-04 19:25:00,61.587
2024-01-04 19:45:00,69.808
2024-01-04 20:05:00,74.419
2024-01-04 20:25:00,64.861
2024-01-04 20:45:00,59.906
2024-01-04 21:05:00,70.911
2024-01-04 21:25:00,60.349
2024-01-04 21:45:00,61.179
2024-01-04 22:05:00,60.899
2024-01-04 22:25:00,59.242
2024-01-04 22:45:00,73.014
2024-01-04 23:05:00,68.88
2024-01-04 23:25:00,77.513
2024-01-04 23:45:00,71.565
2024-01-05 00:05:00,77.786
2024-01-05 00:25:00,65.613
2024-01-05 00:45:00,70.143
2024-01-05 01:05:00,62.779
2024-01-05 01:25:00,67.266
2024-01-05 01:45:00,74.97
2024-01-05 02:05:00,68.333
2024-01-05 02:25:00,67.459
2024-01-05 02:45:00,68.417
2024-01-05 03:05:00,69.164
2024-01-05 03:25:00,69.171
2024-01-05 03:45:00,74.519
2024-01-05 04:05:00,65.276
2024-01-05 04:25:00,67.591
2024-01-05 04:45:00,68.963
2024-01-05 05:05:00,64.458
2024-01-05 05:25:00,66.514
2024-01-05 05:45:00,71.974
2024-01-05 06:05:00,64.818
2024-01-05 06:25:00,81.009
2024-01-05 06:45:00,75.893
2024-01-05 07:05:00,69.325
2024-01-05 07:25:00,71.12
2024-01-05 07:45:00,71.998
2024-01-05 08:05:00,70.801
2024-01-05 08:25:00,68.712
2024-01-05 08:45:00,80.667
2024-01-05 09:05:00,65.051
2024-01-05 09:25:00,66.543
2024-01-05 09:45:00,68.613
2024-01-05 10:05:00,71.189
2024-01-05 10:25:00,77.341
2024-01-05 10:45:00,68.281
2024-01-05 11:05:00,70.893
2024-01-05 11:25:00,70.025
2024-01-05 11:45:00,67.919
2024-01-05 12:05:00,73.88
2024-01-05 12:25:00,70.221
2024-01-05 12:45:00,72.743
2024-01-05 13:05:00,66.976
2024-01-05 13:25:00,65.863
2024-01-05 13:45:00,66.752
2024-01-05 14:05:00,69.643
2024-01-05 14:25:00,73.328
2024-01-05 14:45:00,77.734
2024-01-05 15:05:00,69.088
2024-01-05 15:25:00,76.686
2024-01-05 15:45:00,71.12
2024-01-05 16:05:00,65.295
2024-01-05 16:25:00,68.839
2024-01-05 16:45:00,71.766
2024-01-05 17:05:00,72.115
2024-01-05 17:25:00,66.148
2024-01-05 17:45:00,66.705
2024-01-05 18:05:00,66.8
2024-01-05 18:25:00,67.42
2024-01-05 18:45:00,69.684
2024-01-05 19:05:00,76.807
2024-01-05 19:25:00,66.416
2024-01-05 19:45:00,60.934
2024-01-05 20:05:00,60.646
2024-01-05 20:25:00,71.99
2024-01-05 20:45:00,65.862
2024-01-05 21:05:00,69.529
2024-01-05 21:25:00,65.133
2024-01-05 21:45:00,67.651
2024-01-05 22:05:00,66.856
2024-01-05 22:25:00,65.229
2024-01-05 22:45:00,73.884
2024-01-05 23:05:00,74.216
2024-01-05 23:25:00,71.201
2024-01-05 23:45:00,77.521
2024-01-06 00:05:00,62.504
2024-01-06 00:25:00,67.476
2024-01-06 00:45:00,66.855
2024-01-06 01:05:00,71.619
2024-01-06 01:25:00,62.755
2024-01-06 01:45:00,71.432
2024-01-06 02:05:00,61.936
2024-01-06 02:25:00,71.796
2024-01-06 02:45:00,73.628
2024-01-06 03:05:00,63.339
2024-01-06 03:25:00,66.781
2024-01-06 03:45:00,73.79
2024-01-06 04:05:00,74.698
2024-01-06 04:25:00,62.011
2024-01-06 04:45:00,70.131
2024-01-06 05:05:00,71.379
2024-01-06 05:25:00,68.397
2024-01-06 05:45:00,74.902
2024-01-06 06:05:00,65.979
2024-01-06 06:25:00,66.574
2024-01-06 06:45:00,65.476
2024-01-06 07:05:00,69.548
2024-01-06 07:25:00,67.235
2024-01-06 07:45:00,72.37
2024-01-06 08:05:00,66.632
2024-01-06 08:25:00,67.45
2024-01-06 08:45:00,69.335
2024-01-06 09:05:00,64.7
2024-01-06 09:25:00,73.012
2024-01-06 09:45:00,71.525
2024-01-06 10:05:00,71.379
2024-01-06 10:25:00,63.85
2024-01-06 10:45:00,75.399
2024-01-06 11:05:00,60.113
2024-01-06 11:25:00,71.778
2024-01-06 11:45:00,69.079
2024-01-06 12:05:00,71.455
2024-01-06 12:25:00,67.485
2024-01-06 12:45:00,68.836
2024-01-06 13:05:00,71.607
2024-01-06 13:25:00,68.455
2024-01-06 13:45:00,69.431
2024-01-06 14:05:00,69.578
2024-01-06 14:25:00,78.338
2024-01-06 14:45:00,61.277
2024-01-06 15:05:00,74.3
2024-01-06 15:25:00,70.505
2024-01-06 15:45:00,69.947
2024-01-06 16:05:00,62.746
2024-01-06 16:25:00,73.658
2024-01-06 16:45:00,63.371
2024-01-06 17:05:00,75.099
2024-01-06 17:25:00,66.026
2024-01-06 17:45:00,75.101
2024-01-06 18:05:00,65.282
2024-01-06 18:25:00,64.273
2024-01-06 18:45:00,68.033
2024-01-06 19:05:00,65.127
2024-01-06 19:25:00,67.404
2024-01-06 19:45:00,76.056
2024-01-06 20:05:00,65.977
2024-01-06 20:25:00,69.252
2024-01-06 20:45:00,75.632
2024-01-06 21:05:00,69.543
2024-01-06 21:25:00,73.537
2024-01-06 21:45:00,70.975
2024-01-06 22:05:00,72.967
2024-01-06 22:25:00,68.17
2024-01-06 22:45:00,71.091
2024-01-06 23:05:00,76.61
2024-01-06 23:25:00,66.985
2024-01-06 23:45:00,70.357
2024-01-07 00:05:00,65.671
2024-01-07 00:25:00,73.391
2024-01-07 00:45:00,61.209
2024-01-07 01:05:00,67.392
2024-01-07 01:25:00,73.254
2024-01-07 01:45:00,68.039
2024-01-07 02:05:00,60.667
2024-01-07 02:25:00,65.258
2024-01-07 02:45:00,65.647
2024-01-07 03:05:00,75.807
2024-01-07 03:25:00,72.282
2024-01-07 03:45:00,72.743
2024-01-07 04:05:00,63.183
2024-01-07 04:25:00,68.741
2024-01-07 04:45:00,75.726
2024-01-07 05:05:00,72.756
2024-01-07 05:25:00,66.439
2024-01-07 05:45:00,72.261
2024-01-07 06:05:00,62.946
2024-01-07 06:25:00,64.868
2024-01-07 06:45:00,60.252
2024-01-07 07:05:00,68.222
2024-01-07 07:25:00,71.578
2024-01-07 07:45:00,64.392
2024-01-07 08:05:00,68.066
2024-01-07 08:25:00,64.703
2024-01-07 08:45:00,65.82
2024-01-07 09:05:00,63.773
2024-01-07 09:25:00,74.068
2024-01-07 09:45:00,65.373
2024-01-07 10:05:00,67.362
2024-01-07 10:25:00,66.121
2024-01-07 10:45:00,69.904
2024-01-07 11:05:00,79.694
2024-01-07 11:25:00,81.025
2024-01-07 11:45:00,67.504
2024-01-07 12:05:00,70.371
2024-01-07 12:25:00,72.824
2024-01-07 12:45:00,74.149
2024-01-07 13:05:00,71.362
2024-01-07 13:25:00,73.48
2024-01-07 13:45:00,70.361
2024-01-07 14:05:00,65.673
2024-01-07 14:25:00,73.455
2024-01-07 14:45:00,69.133
2024-01-07 15:05:00,70.017
2024-01-07 15:25:00,62.416
2024-01-07 15:45:00,65.054
2024-01-07 16:05:00,66.787
2024-01-07 16:25:00,70.891
2024-01-07 16:45:00,76.6
2024-01-07 17:05:00,72.026
2024-01-07 17:25:00,67.699
2024-01-07 17:45:00,64.075
2024-01-07 18:05:00,74.135
2024-01-07 18:25:00,69.957
2024-01-07 18:45:00,54.121
2024-01-07 19:05:00,73.214
2024-01-07 19:25:00,70.206
2024-01-07 19:45:00,58.852
2024-01-07 20:05:00,71.324
2024-01-07 20:25:00,68.906
2024-01-07 20:45:00,62.604
2024-01-07 21:05:00,77.701
2024-01-07 21:25:00,70.5
2024-01-07 21:45:00,66.346
2024-01-07 22:05:00,65.0
2024-01-07 22:25:00,67.662
2024-01-07 22:45:00,67.81
2024-01-07 23:05:00,71.117
2024-01-07 23:25:00,67.447
2024-01-07 23:45:00,66.663
2024-01-08 00:05:00,69.637
2024-01-08 00:25:00,66.96
2024-01-08 00:45:00,68.403
2024-01-08 01:05:00,75.143
2024-01-08 01:25:00,66.749
2024-01-08 01:45:00,68.137
2024-01-08 02:05:00,65.27
2024-01-08 02:25:00,73.681
2024-01-08 02:45:00,61.105
2024-01-08 03:05:00,64.972
2024-01-08 03:25:00,71.922
2024-01-08 03:45:00,68.034
2024-01-08 04:05:00,72.685
2024-01-08 04:25:00,67.844
2024-01-08 04:45:00,65.689
2024-01-08 05:05:00,68.164
2024-01-08 05:25:00,62.903
2024-01-08 05:45:00,65.0
2024-01-08 06:05:00,72.824
2024-01-08 06:25:00,67.554
2024-01-08 06:45:00,68.583
2024-01-08 07:05:00,69.281
2024-01-08 07:25:00,61.663
2024-01-08 07:45:00,61.707
2024-01-08 08:05:00,70.19
2024-01-08 08:25:00,66.626
2024-01-08 08:45:00,67.483
2024-01-08 09:05:00,71.244
2024-01-08 09:25:00,64.27
2024-01-08 09:45:00,65.926
2024-01-08 10:05:00,66.891
2024-01-08 10:25:00,69.993
2024-01-08 10:45:00,66.862
2024-01-08 11:05:00,65.632
2024-01-08 11:25:00,76.102
2024-01-08 11:45:00,68.662
2024-01-08 12:05:00,71.429
2024-01-08 12:25:00,60.342
2024-01-08 12:45:00,62.688
2024-01-08 13:05:00,71.121
2024-01-08 13:25:00,67.402
2024-01-08 13:45:00,66.749
2024-01-08 14:05:00,64.211
2024-01-08 14:25:00,72.873
2024-01-08 14:45:00,71.435
2024-01-08 15:05:00,68.197
2024-01-08 15:25:00,69.598
2024-01-08 15:45:00,67.12
2024-01-08 16:05:00,65.416
2024-01-08 16:25:00,66.16
2024-01-08 16:45:00,71.935
2024-01-08 17:05:00,66.72
2024-01-08 17:25:00,68.755
2024-01-08 17:45:00,66.565
2024-01-08 18:05:00,72.727
2024-01-08 18:25:00,65.574
2024-01-08 18:45:00,75.372
2024-01-08 19:05:00,65.921
2024-01-08 19:25:00,65.927
2024-01-08 19:45:00,77.518
2024-01-08 20:05:00,63.704
2024-01-08 20:25:00,68.336
2024-01-08 20:45:00,73.058
2024-01-08 21:05:00,61.561
2024-01-08 21:25:00,69.669
2024-01-08 21:45:00,61.582
2024-01-08 22:05:00,68.674
2024-01-08 22:25:00,77.671
2024-01-08 22:45:00,57.931
2024-01-08 23:05:00,68.172
2024-01-08 23:25:00,66.466
2024-01-08 23:45:00,63.98
2024-01-09 00:05:00,61.879
2024-01-09 00:25:00,73.711
2024-01-09 00:45:00,69.656
2024-01-09 01:05:00,60.402
2024-01-09 01:25:00,64.531
2024-01-09 01:45:00,66.299
2024-01-09 02:05:00,61.699
2024-01-09 02:25:00,69.165
2024-01-09 02:45:00,69.919
2024-01-09 03:05:00,69.856
2024-01-09 03:25:00,77.866
2024-01-09 03:45:00,64.54
2024-01-09 04:05:00,66.646
2024-01-09 04:25:00,66.404
2024-01-09 04:45:00,72.622
2024-01-09 05:05:00,72.13
2024-01-09 05:25:00,63.69
2024-01-09 05:45:00,75.282
2024-01-09 06:05:00,64.694
2024-01-09 06:25:00,72.623
2024-01-09 06:45:00,72.353
2024-01-09 07:05:00,70.573
2024-01-09 07:25:00,67.301
2024-01-09 07:45:00,67.385
2024-01-09 08:05:00,70.701
2024-01-09 08:25:00,70.904
2024-01-09 08:45:00,71.73
2024-01-09 09:05:00,71.732
2024-01-09 09:25:00,70.079
2024-01-09 09:45:00,74.899
2024-01-09 10:05:00,65.839
2024-01-09 10:25:00,68.732
2024-01-09 10:45:00,66.03
2024-01-09 11:05:00,79.539
2024-01-09 11:25:00,71.983
2024-01-09 11:45:00,73.105
2024-01-09 12:05:00,70.554
2024-01-09 12:25:00,68.292
2024-01-09 12:45:00,80.565
2024-01-09 13:05:00,74.018
2024-01-09 13:25:00,67.105
2024-01-09 13:45:00,67.325
2024-01-09 14:05:00,69.549
2024-01-09 14:25:00,66.118
2024-01-09 14:45:00,66.988
2024-01-09 15:05:00,61.714
2024-01-09 15:25:00,57.775
2024-01-09 15:45:00,77.451
2024-01-09 16:05:00,66.277
2024-01-09 16:25:00,67.188
2024-01-09 16:45:00,68.868
2024-01-09 17:05:00,71.69
2024-01-09 17:25:00,72.051
2024-01-09 17:45:00,73.191
2024-01-09 18:05:00,71.148
2024-01-09 18:25:00,67.356
2024-01-09 18:45:00,74.253
2024-01-09 19:05:00,67.76
2024-01-09 19:25:00,73.207
2024-01-09 19:45:00,61.636
2024-01-09 20:05:00,74.422
2024-01-09 20:25:00,64.555
2024-01-09 20:45:00,62.043
2024-01-09 21:05:00,62.723
2024-01-09 21:25:00,69.482
2024-01-09 21:45:00,78.857
2024-01-09 22:05:00,67.689
2024-01-09 22:25:00,68.067
2024-01-09 22:45:00,72.031
2024-01-09 23:05:00,65.983
2024-01-09 23:25:00,67.901
2024-01-09 23:45:00,67.007
2024-01-10 00:05:00,77.679
2024-01-10 00:25:00,69.167
2024-01-10 00:45:00,72.197
2024-01-10 01:05:00,65.624
2024-01-10 01:25:00,63.704
2024-01-10 01:45:00,71.818
2024-01-10 02:05:00,69.969
2024-01-10 02:25:00,73.468
2024-01-10 02:45:00,64.843
2024-01-10 03:05:00,68.418
2024-01-10 03:25:00,63.037
2024-01-10 03:45:00,66.611
2024-01-10 04:05:00,62.332
2024-01-10 04:25:00,67.558
2024-01-10 04:45:00,74.723
2024-01-10 05:05:00,64.977
2024-01-10 05:25:00,64.922
2024-01-10 05:45:00,68.089
2024-01-10 06:05:00,68.013
2024-01-10 06:25:00,72.308
2024-01-10 06:45:00,62.998
2024-01-10 07:05:00,57.577
2024-01-10 07:25:00,69.131
2024-01-10 07:45:00,76.454
2024-01-10 08:05:00,67.724
2024-01-10 08:25:00,70.38
2024-01-10 08:45:00,68.24
2024-01-10 09:05:00,71.954
2024-01-10 09:25:00,67.275
2024-01-10 09:45:00,68.269
2024-01-10 10:05:00,75.974
2024-01-10 10:25:00,73.751
2024-01-10 10:45:00,65.491
2024-01-10 11:05:00,65.609
2024-01-10 11:25:00,65.923
2024-01-10 11:45:00,63.549
2024-01-10 12:05:00,66.122
2024-01-10 12:25:00,68.061
2024-01-10 12:45:00,65.128
2024-01-10 13:05:00,70.911
2024-01-10 13:25:00,61.079
2024-01-10 13:45:00,63.302
2024-01-10 14:05:00,71.578
2024-01-10 14:25:00,77.167
2024-01-10 14:45:00,69.752
2024-01-10 15:05:00,64.861
2024-01-10 15:25:00,63.606
2024-01-10 15:45:00,66.928
2024-01-10 16:05:00,74.317
2024-01-10 16:25:00,70.932
2024-01-10 16:45:00,63.052
2024-01-10 17:05:00,70.25
2024-01-10 17:25:00,75.077
2024-01-10 17:45:00,73.935
2024-01-10 18:05:00,74.61
2024-01-10 18:25:00,72.224
2024-01-10 18:45:00,62.854
2024-01-10 19:05:00,64.992
2024-01-10 19:25:00,76.454
2024-01-10 19:45:00,67.096
2024-01-10 20:05:00,60.093
2024-01-10 20:25:00,71.357
2024-01-10 20:45:00,73.408
2024-01-10 21:05:00,68.268
2024-01-10 21:25:00,71.105
2024-01-10 21:45:00,64.905
2024-01-10 22:05:00,66.543
2024-01-10 22:25:00,60.493
2024-01-10 22:45:00,63.803
2024-01-10 23:05:00,75.1
2024-01-10 23:25:00,53.719
2024-01-10 23:45:00,66.894
2024-01-11 00:05:00,66.486
2024-01-11 00:25:00,71.564
2024-01-11 00:45:00,59.289
2024-01-11 01:05:00,65.455
2024-01-11 01:25:00,66.243
2024-01-11 01:45:00,70.715
2024-01-11 02:05:00,68.849
2024-01-11 02:25:00,61.441
2024-01-11 02:45:00,67.37
2024-01-11 03:05:00,65.397
2024-01-11 03:25:00,70.982
2024-01-11 03:45:00,67.789
2024-01-11 04:05:00,76.766
2024-01-11 04:25:00,65.911
2024-01-11 04:45:00,66.344
2024-01-11 05:05:00,66.506
2024-01-11 05:25:00,68.033
2024-01-11 05:45:00,72.69
2024-01-11 06:05:00,66.913
2024-01-11 06:25:00,67.124
2024-01-11 06:45:00,70.511
2024-01-11 07:05:00,64.647
2024-01-11 07:25:00,71.744
2024-01-11 07:45:00,67.206
2024-01-11 08:05:00,64.595
2024-01-11 08:25:00,60.382
2024-01-11 08:45:00,63.7
2024-01-11 09:05:00,67.731
2024-01-11 09:25:00,68.245
2024-01-11 09:45:00,67.383
2024-01-11 10:05:00,62.003
2024-01-11 10:25:00,67.711
2024-01-11 10:45:00,61.676
2024-01-11 11:05:00,62.951
2024-01-11 11:25:00,73.549
2024-01-11 11:45:00,68.059
2024-01-11 12:05:00,70.567
2024-01-11 12:25:00,74.97
2024-01-11 12:45:00,68.267
2024-01-11 13:05:00,72.849
2024-01-11 13:25:00,70.269
2024-01-11 13:45:00,65.29
2024-01-11 14:05:00,67.877
2024-01-11 14:25:00,65.146
2024-01-11 14:45:00,71.279
2024-01-11 15:05:00,73.015
2024-01-11 15:25:00,62.376
2024-01-11 15:45:00,64.572
2024-01-11 16:05:00,66.919
2024-01-11 16:25:00,64.861
2024-01-11 16:45:00,67.475
2024-01-11 17:05:00,70.164
2024-01-11 17:25:00,74.319
2024-01-11 17:45:00,66.257
2024-01-11 18:05:00,66.048
2024-01-11 18:25:00,70.207
2024-01-11 18:45:00,68.301
2024-01-11 19:05:00,61.518
2024-01-11 19:25:00,64.651
2024-01-11 19:45:00,66.954
2024-01-11 20:05:00,72.025
2024-01-11 20:25:00,73.519
2024-01-11 20:45:00,63.748
2024-01-11 21:05:00,65.056
2024-01-11 21:25:00,72.403
2024-01-11 21:45:00,66.441
2024-01-11 22:05:00,70.126
2024-01-11 22:25:00,67.659
2024-01-11 22:45:00,68.66
2024-01-11 23:05:00,66.652
2024-01-11 23:25:00,73.541
2024-01-11 23:45:00,61.535
2024-01-12 00:05:00,66.982
2024-01-12 00:25:00,73.374
2024-01-12 00:45:00,67.807
2024-01-12 01:05:00,68.244
2024-01-12 01:25:00,73.054
2024-01-12 01:45:00,70.818
2024-01-12 02:05:00,72.534
2024-01-12 02:25:00,74.114
2024-01-12 02:45:00,62.231
2024-01-12 03:05:00,66.665
2024-01-12 03:25:00,65.013
2024-01-12 03:45:00,70.171
2024-01-12 04:05:00,73.387
2024-01-12 04:25:00,57.453
2024-01-12 04:45:00,61.579
2024-01-12 05:05:00,59.371
2024-01-12 05:25:00,64.804
2024-01-12 05:45:00,68.813
2024-01-12 06:05:00,75.89
2024-01-12 06:25:00,62.707
2024-01-12 06:45:00,79.354
2024-01-12 07:05:00,70.934
2024-01-12 07:25:00,71.099
2024-01-12 07:45:00,71.783
2024-01-12 08:05:00,61.951
2024-01-12 08:25:00,65.649
2024-01-12 08:45:00,63.704
2024-01-12 09:05:00,71.201
2024-01-12 09:25:00,64.212
2024-01-12 09:45:00,67.317
2024-01-12 10:05:00,65.279
2024-01-12 10:25:00,74.704
2024-01-12 10:45:00,65.534
2024-01-12 11:05:00,63.32
2024-01-12 11:25:00,70.438
2024-01-12 11:45:00,67.991
2024-01-12 12:05:00,74.591
2024-01-12 12:25:00,69.657
2024-01-12 12:45:00,69.508
2024-01-12 13:05:00,72.232
2024-01-12 13:25:00,70.35
2024-01-12 13:45:00,71.846
2024-01-12 14:05:00,71.47
2024-01-12 14:25:00,66.808
2024-01-12 14:45:00,62.881
2024-01-12 15:05:00,67.489
2024-01-12 15:25:00,59.258
2024-01-12 15:45:00,64.971
2024-01-12 16:05:00,66.512
2024-01-12 16:25:00,74.131
2024-01-12 16:45:00,67.61
2024-01-12 17:05:00,76.186
2024-01-12 17:25:00,70.416
2024-01-12 17:45:00,60.962
2024-01-12 18:05:00,73.461
2024-01-12 18:25:00,72.994
2024-01-12 18:45:00,60.754
2024-01-12 19:05:00,71.57
2024-01-12 19:25:00,74.805
2024-01-12 19:45:00,58.663
2024-01-12 20:05:00,63.461
2024-01-12 20:25:00,72.588
2024-01-12 20:45:00,67.52
2024-01-12 21:05:00,74.994
2024-01-12 21:25:00,72.608
2024-01-12 21:45:00,72.105
2024-01-12 22:05:00,73.631
2024-01-12 22:25:00,64.693
2024-01-12 22:45:00,66.986
2024-01-12 23:05:00,77.139
2024-01-12 23:25:00,66.806
2024-01-12 23:45:00,73.308
2024-01-13 00:05:00,67.594
2024-01-13 00:25:00,65.037
2024-01-13 00:45:00,64.045
2024-01-13 01:05:00,70.976
2024-01-13 01:25:00,74.357
2024-01-13 01:45:00,70.692
2024-01-13 02:05:00,69.636
2024-01-13 02:25:00,63.325
2024-01-13 02:45:00,68.499
2024-01-13 03:05:00,69.308
2024-01-13 03:25:00,64.538
2024-01-13 03:45:00,70.452
2024-01-13 04:05:00,65.399
2024-01-13 04:25:00,66.735
2024-01-13 04:45:00,71.984
2024-01-13 05:05:00,75.7
2024-01-13 05:25:00,75.309
2024-01-13 05:45:00,67.873
2024-01-13 06:05:00,70.983
2024-01-13 06:25:00,71.373
2024-01-13 06:45:00,71.347
2024-01-13 07:05:00,69.096
2024-01-13 07:25:00,74.359
2024-01-13 07:45:00,65.771
2024-01-13 08:05:00,63.147
2024-01-13 08:25:00,69.877
2024-01-13 08:45:00,66.885
2024-01-13 09:05:00,76.914
2024-01-13 09:25:00,66.195
2024-01-13 09:45:00,72.944
2024-01-13 10:05:00,70.423
2024-01-13 10:25:00,61.998
2024-01-13 10:45:00,70.967
2024-01-13 11:05:00,65.365
2024-01-13 11:25:00,79.111
2024-01-13 11:45:00,64.749
2024-01-13 12:05:00,64.15
2024-01-13 12:25:00,58.483
2024-01-13 12:45:00,64.858
2024-01-13 13:05:00,71.574
2024-01-13 13:25:00,63.665
2024-01-13 13:45:00,70.624
2024-01-13 14:05:00,69.47
2024-01-13 14:25:00,63.919
2024-01-13 14:45:00,67.775
2024-01-13 15:05:00,64.074
2024-01-13 15:25:00,72.177
2024-01-13 15:45:00,60.114
2024-01-13 16:05:00,71.631
2024-01-13 16:25:00,65.066
2024-01-13 16:45:00,68.84
2024-01-13 17:05:00,70.413
2024-01-13 17:25:00,68.952
2024-01-13 17:45:00,77.596
2024-01-13 18:05:00,66.439
2024-01-13 18:25:00,62.161
2024-01-13 18:45:00,78.098
2024-01-13 19:05:00,69.992
2024-01-13 19:25:00,69.016
2024-01-13 19:45:00,78.419
2024-01-13 20:05:00,62.453
2024-01-13 20:25:00,67.972
2024-01-13 20:45:00,63.468
2024-01-13 21:05:00,67.866
2024-01-13 21:25:00,61.921
2024-01-13 21:45:00,68.774
2024-01-13 22:05:00,68.451
2024-01-13 22:25:00,68.223
2024-01-13 22:45:00,58.173
2024-01-13 23:05:00,71.843
2024-01-13 23:25:00,67.354
2024-01-13 23:45:00,80.223
2024-01-14 00:05:00,66.535
2024-01-14 00:25:00,65.795
2024-01-14 00:45:00,69.387
2024-01-14 01:05:00,63.112
2024-01-14 01:25:00,74.183
2024-01-14 01:45:00,64.47
2024-01-14 02:05:00,64.957
2024-01-14 02:25:00,72.474
2024-01-14 02:45:00,69.876
2024-01-14 03:05:00,69.791
2024-01-14 03:25:00,62.805
2024-01-14 03:45:00,73.296
2024-01-14 04:05:00,64.285
2024-01-14 04:25:00,61.164
2024-01-14 04:45:00,70.591
2024-01-14 05:05:00,67.961
2024-01-14 05:25:00,67.853
2024-01-14 05:45:00,71.941
2024-01-14 06:05:00,67.492
2024-01-14 06:25:00,61.06
2024-01-14 06:45:00,67.404
2024-01-14 07:05:00,70.228
2024-01-14 07:25:00,69.736
2024-01-14 07:45:00,68.129
2024-01-14 08:05:00,79.535
2024-01-14 08:25:00,76.155
2024-01-14 08:45:00,63.283
2024-01-14 09:05:00,62.526
2024-01-14 09:25:00,74.656
2024-01-14 09:45:00,73.484
2024-01-14 10:05:00,75.348
2024-01-14 10:25:00,66.692
2024-01-14 10:45:00,67.97
2024-01-14 11:05:00,60.69
2024-01-14 11:25:00,69.341
2024-01-14 11:45:00,65.82
2024-01-14 12:05:00,65.182
2024-01-14 12:25:00,72.853
2024-01-14 12:45:00,67.995
2024-01-14 13:05:00,72.409
2024-01-14 13:25:00,68.213
2024-01-14 13:45:00,71.166
2024-01-14 14:05:00,62.794
2024-01-14 14:25:00,64.259
2024-01-14 14:45:00,70.742
2024-01-14 15:05:00,76.318
2024-01-14 15:25:00,70.802
2024-01-14 15:45:00,68.773
2024-01-14 16:05:00,75.465
2024-01-14 16:25:00,67.724
2024-01-14 16:45:00,65.122
2024-01-14 17:05:00,68.738
2024-01-14 17:25:00,70.385
2024-01-14 17:45:00,63.011
2024-01-14 18:05:00,69.29
2024-01-14 18:25:00,60.951
2024-01-14 18:45:00,67.359
2024-01-14 19:05:00,68.007
2024-01-14 19:25:00,68.568
2024-01-14 19:45:00,59.902
2024-01-14 20:05:00,69.166
2024-01-14 20:25:00,72.648
2024-01-14 20:45:00,75.052
2024-01-14 21:05:00,75.255
